DROP TABLE EMP;

CREATE TABLE EMP(EMPNO NUMBER(4) NOT NULL,ENAME CHAR(10),JOB CHAR(9),MGR NUMBER(4),HIREDATE DATE,SAL NUMBER(7,2),COMM NUMBER(7,2),DEPTNO NUMBER(2));

INSERT INTO EMP VALUES(7369,'SMITH','CLERK',7902,'17/12/2020',800,NULL,20);
INSERT INTO EMP VALUES(7499,'ALLEN','SALESMAN',7698,'20/02/2019',1600,300,30);
INSERT INTO EMP VALUES(7521,'WARD','SALESMAN',7698,'22/02/2011',1250,500,30);
INSERT INTO EMP VALUES(7566,'JONES','MANAGER',7839,'2/04/2020',2975,NULL,20);
INSERT INTO EMP VALUES(7654,'MARTIN','SALESMAN',7698,'28/09/2018',1250,1400,30);
INSERT INTO EMP VALUES(7698,'BLAKE','MANAGER',7839,'1/05/2017',2850,NULL,30);
INSERT INTO EMP VALUES(7782,'CLARK','MANAGER',7839,'9/06/2016',2450,NULL,10);
INSERT INTO EMP VALUES(7788,'SCOTT','ANALYST',7566,'09/12/2015',3000,NULL,20);
INSERT INTO EMP VALUES(7839,'KING','PRESIDENT',NULL,'17/11/2014',5000,NULL,10);
INSERT INTO EMP VALUES(7844,'TURNER','SALESMAN',7698,'8/09/2018',1500,0,30);
INSERT INTO EMP VALUES(7876,'ADAMS','CLERK',7788,'12/01/2013',1100,NULL,20);
INSERT INTO EMP VALUES(7900,'JAMES','CLERK',7698,'3/12/2020',950,NULL,30);
INSERT INTO EMP VALUES(7902,'FORD','ANALYST',7566,'3/12/2012',3000,NULL,20);
INSERT INTO EMP VALUES(7934,'MILLER','CLERK',7782,'23/01/2019',1300,NULL,10);

DROP TABLE DEPT;

CREATE TABLE DEPT(DEPTNO NUMBER(2),DNAME CHAR(14),LOC CHAR(13) );

INSERT INTO DEPT VALUES(10,'ACCOUNTING','NEW YORK');
INSERT INTO DEPT VALUES(20,'RESEARCH','Dallas');
INSERT INTO DEPT VALUES(30,'SALES','CHICAGO');


DROP TABLE SALGRADE;

CREATE TABLE SALGRADE(GRADE NUMBER,LOSAL NUMBER,HISAL NUMBER );

INSERT INTO SALGRADE VALUES(1,700,1200);
INSERT INTO SALGRADE VALUES(2,1201,1400);
INSERT INTO SALGRADE VALUES(3,1401,2000);
INSERT INTO SALGRADE VALUES(4,2001,3000);
INSERT INTO SALGRADE VALUES(5,3001,9999);
INSERT INTO SALGRADE VALUES(6,10000,20000);

